stamp,aeb_switch,aeb_state,aeb_direction,aeb_fcn_state
2450671440752,1,2,0,0
2450699441696,1,2,0,0
2450710429820,1,2,0,0
2450731303240,1,2,0,0
2450750436988,1,2,0,0
2450771080296,1,2,0,0
2450790439672,1,2,0,0
2450810384116,1,2,0,0
2450830511172,1,2,0,0
2450850740840,1,2,0,0
2450870871512,1,2,0,0
2450891436716,1,2,0,0
2450910468472,1,2,0,0
2450930377412,1,2,0,0
2450950449140,1,2,0,0
2450970480968,1,2,0,0
2450990552232,1,2,0,0
2451011346396,1,2,0,0
2451030322708,1,2,0,0
2451050591352,1,2,0,0
2451070531512,1,2,0,0
2451090427720,1,2,0,0
2451110454180,1,2,0,0
2451131399704,1,2,0,0
2451150526524,1,2,0,0
2451170569724,1,2,0,0
2451190454576,1,2,0,0
2451210273768,1,2,0,0
2451230388296,1,2,0,0
2451250374804,1,2,0,0
2451271149824,1,2,0,0
2451290434772,1,2,0,0
2451310346424,1,2,0,0
2451331345496,1,2,0,0
2451350448096,1,2,0,0
2451370736408,1,2,0,0
2451390480744,1,2,0,0
2451410329220,1,2,0,0
2451430560528,1,2,0,0
2451450380376,1,2,0,0
2451470524920,1,2,0,0
2451490509368,1,2,0,0
2451511381736,1,2,0,0
2451530360364,1,2,0,0
2451550382372,1,2,0,0
2451571316104,1,2,0,0
2451590562096,1,2,0,0
2451610354668,1,2,0,0
2451630402680,1,2,0,0
2451650372788,1,2,0,0
2451670449952,1,2,0,0
2451690716008,1,2,0,0
2451710560308,1,2,0,0
2451730359020,1,2,0,0
2451750647952,1,2,0,0
2451770618568,1,2,0,0
2451791629464,1,2,0,0
2451810374092,1,2,0,0
2451830332128,1,2,0,0
2451850419292,1,2,0,0
2451870582992,1,2,0,0
2451890549288,1,2,0,0
2451910611336,1,2,0,0
2451930389024,1,2,0,0
2451950429728,1,2,0,0
2451972093648,1,2,0,0
2451991011132,1,2,0,0
2452011386692,1,2,0,0
2452030414512,1,2,0,0
2452050357864,1,2,0,0
2452070450152,1,2,0,0
2452090648488,1,2,0,0
2452110425656,1,2,0,0
2452130405872,1,2,0,0
2452150340984,1,2,0,0
2452170605972,1,2,0,0
2452191615512,1,2,0,0
2452210321424,1,2,0,0
2452230328680,1,2,0,0
2452250365596,1,2,0,0
2452270461156,1,2,0,0
2452291717024,1,2,0,0
2452310306708,1,2,0,0
2452330357432,1,2,0,0
2452351366984,1,2,0,0
2452370686384,1,2,0,0
2452390442668,1,2,0,0
2452410379736,1,2,0,0
2452430336260,1,2,0,0
2452450442232,1,2,0,0
2452470523132,1,2,0,0
2452492510616,1,2,0,0
2452511433960,1,2,0,0
2452530427508,1,2,0,0
2452550486612,1,2,0,0
2452571893016,1,2,0,0
2452593782840,1,2,0,0
2452610390344,1,2,0,0
2452630312668,1,2,0,0
2452650391684,1,2,0,0
2452670549580,1,2,0,0
2452690783088,1,2,0,0
2452711394792,1,2,0,0
2452730371752,1,2,0,0
2452750398080,1,2,0,0
2452772111616,1,2,0,0
2452793796284,1,2,0,0
2452810324180,1,2,0,0
2452830392080,1,2,0,0
2452850424404,1,2,0,0
2452870485908,1,2,0,0
2452891477704,1,2,0,0
2452910303844,1,2,0,0
2452930409128,1,2,0,0
2452963199032,1,2,0,0
2452970319688,1,2,0,0
2452994445768,1,2,0,0
2453010402624,1,2,0,0
2453030413672,1,2,0,0
2453050372776,1,2,0,0
2453070560332,1,2,0,0
2453092216816,1,2,0,0
2453110408512,1,2,0,0
2453130348292,1,2,0,0
2453150489500,1,2,0,0
2453172894904,1,2,0,0
2453195143720,1,2,0,0
2453210387768,1,2,0,0
2453230377912,1,2,0,0
2453251426392,1,2,0,0
2453271583324,1,2,0,0
2453293322048,1,2,0,0
2453310331760,1,2,0,0
2453330370516,1,2,0,0
2453350329444,1,2,0,0
2453371148868,1,2,0,0
2453393721344,1,2,0,0
2453410400136,1,2,0,0
2453430344716,1,2,0,0
2453450413956,1,2,0,0
2453470833580,1,2,0,0
2453496244252,1,2,0,0
2453511338296,1,2,0,0
2453530390580,1,2,0,0
2453550395520,1,2,0,0
2453570555076,1,2,0,0
2453599576168,1,2,0,0
2453610334624,1,2,0,0
2453630349064,1,2,0,0
2453650349224,1,2,0,0
2453671517348,1,2,0,0
2453694413172,1,2,0,0
2453710603844,1,2,0,0
2453730370192,1,2,0,0
2453750360548,1,2,0,0
2453771214440,1,2,0,0
2453797856660,1,2,0,0
2453810382836,1,2,0,0
2453830330264,1,2,0,0
2453850379508,1,2,0,0
2453870783584,1,2,0,0
2453896524284,1,2,0,0
2453911492996,1,2,0,0
2453930382276,1,2,0,0
2453950444468,1,2,0,0
2453970827220,1,2,0,0
2453998239116,1,2,0,0
2454010467688,1,2,0,0
2454030350820,1,2,0,0
2454050385652,1,2,0,0
2454070472860,1,2,0,0
2454095457496,1,2,0,0
2454111417844,1,2,0,0
2454130319748,1,2,0,0
2454150621328,1,2,0,0
2454170775060,1,2,0,0
2454199036052,1,2,0,0
2454210394436,1,2,0,0
2454230354056,1,2,0,0
2454250366176,1,2,0,0
2454271475616,1,2,0,0
2454296403860,1,2,0,0
2454310557056,1,2,0,0
2454330391684,1,2,0,0
2454350278120,1,2,0,0
2454371948132,1,2,0,0
2454390533264,1,2,0,0
2454410405596,1,2,0,0
2454430383940,1,2,0,0
2454450379508,1,2,0,0
2454470503780,1,2,0,0
2454490541488,1,2,0,0
2454510843076,1,2,0,0
2454531358804,1,2,0,0
2454550495540,1,2,0,0
2454570474420,1,2,0,0
2454590633952,1,2,0,0
2454610335012,1,2,0,0
2454630417956,1,2,0,0
2454650386112,1,2,0,0
2454670895476,1,2,0,0
2454690668372,1,2,0,0
2454710397780,1,2,0,0
2454730365908,1,2,0,0
2454750317860,1,2,0,0
2454770618780,1,2,0,0
2454790572232,1,2,0,0
2454819387196,1,2,0,0
2454831299564,1,2,0,0
2454850388096,1,2,0,0
2454870479424,1,2,0,0
2454891741564,1,2,0,0
2454910345132,1,2,0,0
2454930581516,1,2,0,0
2454950315248,1,2,0,0
2454971444236,1,2,0,0
2454990518548,1,2,0,0
2455011451272,1,2,0,0
2455030352072,1,2,0,0
2455050426036,1,2,0,0
2455070401356,1,2,0,0
2455090572520,1,2,0,0
2455110442176,1,2,0,0
2455130325320,1,2,0,0
2455150535924,1,2,0,0
2455171765728,1,2,0,0
2455191516092,1,2,0,0
2455210387268,1,2,0,0
2455230414196,1,2,0,0
2455250393540,1,2,0,0
2455270506004,1,2,0,0
2455290409976,1,2,0,0
2455310500492,1,2,0,0
2455331373732,1,2,0,0
2455350391220,1,2,0,0
2455371280008,1,2,0,0
2455390368084,1,2,0,0
2455410853900,1,2,0,0
2455430370592,1,2,0,0
2455450364484,1,2,0,0
2455472103500,1,2,0,0
2455490555044,1,2,0,0
2455510357508,1,2,0,0
2455530386048,1,2,0,0
2455550386916,1,2,0,0
2455570466676,1,2,0,0
2455590509684,1,2,0,0
2455612855508,1,2,0,0
2455631434784,1,2,0,0
2455650392424,1,2,0,0
2455670617596,1,2,0,0
2455690441924,1,2,0,0
2455710418668,1,2,0,0
2455730344372,1,2,0,0
2455750344068,1,2,0,0
2455770566392,1,2,0,0
2455790427924,1,2,0,0
2455810504264,1,2,0,0
2455830435680,1,2,0,0
2455850349500,1,2,0,0
2455870969656,1,2,0,0
2455890443768,1,2,0,0
2455910345908,1,2,0,0
2455930343648,1,2,0,0
2455950370580,1,2,0,0
2455970815952,1,2,0,0
2455990546740,1,2,0,0
2456010322124,1,2,0,0
2456030451368,1,2,0,0
2456050335248,1,2,0,0
2456071514276,1,2,0,0
2456090556948,1,2,0,0
2456110363824,1,2,0,0
2456130397852,1,2,0,0
2456150460232,1,2,0,0
2456171423748,1,2,0,0
2456191553888,1,2,0,0
2456211649884,1,2,0,0
2456230397272,1,2,0,0
2456250389248,1,2,0,0
2456270722864,1,2,0,0
2456290526788,1,2,0,0
2456310400596,1,2,0,0
2456330402708,1,2,0,0
2456350412244,1,2,0,0
2456371777344,1,2,0,0
2456391536948,1,2,0,0
2456412543908,1,2,0,0
2456430388136,1,2,0,0
2456450364268,1,2,0,0
2456470806748,1,2,0,0
2456490400036,1,2,0,0
2456511805876,1,2,0,0
2456530539864,1,2,0,0
2456550383064,1,2,0,0
2456570813172,1,2,0,0
2456590644380,1,2,0,0
2456614468916,1,2,0,0
2456630321684,1,2,0,0
2456650422904,1,2,0,0
2456670933972,1,2,0,0
2456690482124,1,2,0,0
2456711756492,1,2,0,0
2456730410896,1,2,0,0
2456750337196,1,2,0,0
2456770547580,1,2,0,0
2456791394304,1,2,0,0
2456815087960,1,2,0,0
2456830448448,1,2,0,0
2456850392512,1,2,0,0
2456870548504,1,2,0,0
2456890461552,1,2,0,0
2456913171436,1,2,0,0
2456930363984,1,2,0,0
2456950357392,1,2,0,0
2456970492184,1,2,0,0
2456990474260,1,2,0,0
2457017663468,1,2,0,0
2457030361336,1,2,0,0
2457050417452,1,2,0,0
2457070561808,1,2,0,0
2457090407944,1,2,0,0
2457114896944,1,2,0,0
2457130498524,1,2,0,0
2457150593256,1,2,0,0
2457170572512,1,2,0,0
2457191452560,1,2,0,0
2457218337184,1,2,0,0
2457231359776,1,2,0,0
2457251279636,1,2,0,0
2457270481304,1,2,0,0
2457290502924,1,2,0,0
2457317567932,1,2,0,0
2457330356416,1,2,0,0
2457350346112,1,2,0,0
2457372880448,1,2,0,0
2457390566660,1,2,0,0
2457410413100,1,2,0,0
2457430289408,1,2,0,0
2457450375064,1,2,0,0
2457470495176,1,2,0,0
2457490598720,1,2,0,0
2457510356952,1,2,0,0
2457530352144,1,2,0,0
2457550718932,1,2,0,0
2457571489536,1,2,0,0
2457590512520,1,2,0,0
2457610436896,1,2,0,0
2457630378000,1,2,0,0
2457650284416,1,2,0,0
2457671099092,1,2,0,0
2457690462092,1,2,0,0
2457710530128,1,2,0,0
2457730399596,1,2,0,0
2457750377320,1,2,0,0
2457770531056,1,2,0,0
2457790526016,1,2,0,0
2457810374256,1,2,0,0
2457830360660,1,2,0,0
2457850361224,1,2,0,0
2457870460848,1,2,0,0
2457890515464,1,2,0,0
2457910581496,1,2,0,0
2457930331380,1,2,0,0
2457950473132,1,2,0,0
2457990112980,1,2,0,0
2457991312512,1,2,0,0
2458010409728,1,2,0,0
2458030410536,1,2,0,0
2458050400404,1,2,0,0
2458070453984,1,2,0,0
2458090612436,1,2,0,0
2458111361528,1,2,0,0
2458130399088,1,2,0,0
2458150543520,1,2,0,0
2458171475408,1,2,0,0
2458190572624,1,2,0,0
2458210448912,1,2,0,0
2458231303132,1,2,0,0
2458250304724,1,2,0,0
2458271630256,1,2,0,0
2458291646524,1,2,0,0
2458310364764,1,2,0,0
2458330462708,1,2,0,0
2458350419264,1,2,0,0
2458370955836,1,2,0,0
2458390676504,1,2,0,0
2458411327776,1,2,0,0
2458430369660,1,2,0,0
2458450472596,1,2,0,0
2458471381560,1,2,0,0
2458490763768,1,2,0,0
2458510833152,1,2,0,0
2458530377456,1,2,0,0
2458550496832,1,2,0,0
2458570471844,1,2,0,0
2458590567680,1,2,0,0
2458611459184,1,2,0,0
2458630358792,1,2,0,0
2458650397452,1,2,0,0
2458670445068,1,2,0,0
2458690571552,1,2,0,0
2458710621304,1,2,0,0
2458730495096,1,2,0,0
2458750880752,1,2,0,0
2458770565704,1,2,0,0
2458790621432,1,2,0,0
2458810475840,1,2,0,0
2458830359552,1,2,0,0
2458850396704,1,2,0,0
2458870525000,1,2,0,0
2458890459248,1,2,0,0
2458911087664,1,2,0,0
2458930355108,1,2,0,0
2458950353900,1,2,0,0
2458971055984,1,2,0,0
2458990601584,1,2,0,0
2459010375856,1,2,0,0
2459030355996,1,2,0,0
2459050415452,1,2,0,0
2459070471792,1,2,0,0
2459090511332,1,2,0,0
2459110459840,1,2,0,0
2459130991228,1,2,0,0
2459151409424,1,2,0,0
2459170524004,1,2,0,0
2459190575436,1,2,0,0
2459210381036,1,2,0,0
2459231409032,1,2,0,0
2459250395120,1,2,0,0
2459270626792,1,2,0,0
2459290897468,1,2,0,0
2459310355248,1,2,0,0
2459331461132,1,2,0,0
2459350813176,1,2,0,0
2459371652112,1,2,0,0
2459390646904,1,2,0,0
2459410424384,1,2,0,0
2459430365300,1,2,0,0
2459450396816,1,2,0,0
2459470409232,1,2,0,0
2459490538864,1,2,0,0
2459510439424,1,2,0,0
2459532879688,1,2,0,0
2459551469140,1,2,0,0
2459570624872,1,2,0,0
2459591414708,1,2,0,0
2459610521424,1,2,0,0
2459630356768,1,2,0,0
2459650366276,1,2,0,0
2459670790696,1,2,0,0
2459691333596,1,2,0,0
2459710348832,1,2,0,0
2459733202232,1,2,0,0
2459750493368,1,2,0,0
2459770460232,1,2,0,0
2459790430664,1,2,0,0
2459810507560,1,2,0,0
2459830630504,1,2,0,0
2459850759456,1,2,0,0
2459870538104,1,2,0,0
2459890604592,1,2,0,0
2459911359976,1,2,0,0
2459934259520,1,2,0,0
2459950480924,1,2,0,0
2459971680104,1,2,0,0
2459991561792,1,2,0,0
2460010342772,1,2,0,0
2460031756096,1,2,0,0
2460050324512,1,2,0,0
2460070769720,1,2,0,0
2460090505204,1,2,0,0
2460110297396,1,2,0,0
2460135524932,1,2,0,0
2460150298800,1,2,0,0
2460170997004,1,2,0,0
2460190867564,1,2,0,0
2460211396848,1,2,0,0
2460233725052,1,2,0,0
2460250363712,1,2,0,0
2460270496636,1,2,0,0
2460290558804,1,2,0,0
2460311071820,1,2,0,0
2460335573004,1,2,0,0
2460350417088,1,2,0,0
2460371262036,1,2,0,0
2460391480952,1,2,0,0
2460410465508,1,2,0,0
2460435005068,1,2,0,0
2460451403836,1,2,0,0
2460470803724,1,2,0,0
2460491418348,1,2,0,0
2460510708816,1,2,0,0
2460537982988,1,2,0,0
2460550896416,1,2,0,0
2460570489596,1,2,0,0
2460590828240,1,2,0,0
2460610653260,1,2,0,0
2460635275828,1,2,0,0
2460651408652,1,2,0,0
2460670484204,1,2,0,0
2460690398136,1,2,0,0
2460710393604,1,2,0,0
2460730601304,1,2,0,0
2460750399336,1,2,0,0
2460770685936,1,2,0,0
2460790515692,1,2,0,0
2460810344936,1,2,0,0
2460830387836,1,2,0,0
2460850395464,1,2,0,0
2460870378524,1,2,0,0
2460890501612,1,2,0,0
2460910403540,1,2,0,0
2460930444352,1,2,0,0
2460950375064,1,2,0,0
2460970522004,1,2,0,0
2460990661088,1,2,0,0
2461010404736,1,2,0,0
2461030540904,1,2,0,0
2461050360604,1,2,0,0
2461071513388,1,2,0,0
2461090616276,1,2,0,0
2461110328944,1,2,0,0
2461130344196,1,2,0,0
2461150636200,1,2,0,0
2461170408364,1,2,0,0
2461190609932,1,2,0,0
2461211178504,1,2,0,0
2461230427748,1,2,0,0
2461250385280,1,2,0,0
2461271539404,1,2,0,0
2461290420668,1,2,0,0
2461310464080,1,2,0,0
2461330441108,1,2,0,0
2461350392824,1,2,0,0
2461370629908,1,2,0,0
2461390913412,1,2,0,0
2461410297272,1,2,0,0
2461430398780,1,2,0,0
2461450535324,1,2,0,0
2461470552156,1,2,0,0
2461490501088,1,2,0,0
2461510706828,1,2,0,0
2461530388668,1,2,0,0
2461550350384,1,2,0,0
2461570608468,1,2,0,0
2461590493404,1,2,0,0
2461610405292,1,2,0,0
2461630357668,1,2,0,0
2461650387788,1,2,0,0
2461670556860,1,2,0,0
2461690630492,1,2,0,0
2461711374180,1,2,0,0
2461730428780,1,2,0,0
2461750879840,1,2,0,0
2461770623140,1,2,0,0
2461791733820,1,2,0,0
2461810474668,1,2,0,0
2461831457768,1,2,0,0
2461850388708,1,2,0,0
2461870674172,1,2,0,0
2461891505812,1,2,0,0
2461910458976,1,2,0,0
2461930386260,1,2,0,0
2461950366332,1,2,0,0
2461970577204,1,2,0,0
2461990936904,1,2,0,0
2462010302016,1,2,0,0
2462031333648,1,2,0,0
2462050692136,1,2,0,0
2462071553896,1,2,0,0
2462090488844,1,2,0,0
2462111327012,1,2,0,0
2462130478396,1,2,0,0
2462150501736,1,2,0,0
2462170650640,1,2,0,0
2462190562008,1,2,0,0
2462210352320,1,2,0,0
2462230360024,1,2,0,0
2462250491352,1,2,0,0
2462270420692,1,2,0,0
2462290600620,1,2,0,0
2462310338124,1,2,0,0
2462330372332,1,2,0,0
2462350406916,1,2,0,0
2462370960116,1,2,0,0
2462390462460,1,2,0,0
2462410480860,1,2,0,0
2462430402416,1,2,0,0
2462451801572,1,2,0,0
2462471571388,1,2,0,0
2462490466700,1,2,0,0
2462510349948,1,2,0,0
2462530374124,1,2,0,0
2462551351648,1,2,0,0
2462570476524,1,2,0,0
2462591195876,1,2,0,0
2462610395472,1,2,0,0
2462630631800,1,2,0,0
2462651747952,1,2,0,0
2462670497516,1,2,0,0
2462690580120,1,2,0,0
2462710563148,1,2,0,0
2462730377664,1,2,0,0
2462750338548,1,2,0,0
2462770434468,1,2,0,0
2462790560524,1,2,0,0
2462810455420,1,2,0,0
2462830418048,1,2,0,0
2462850401964,1,2,0,0
2462870499864,1,2,0,0
2462890461136,1,2,0,0
2462910288748,1,2,0,0
2462930383604,1,2,0,0
2462951801436,1,2,0,0
2462970523168,1,2,0,0
2463004467452,1,2,0,0
2463010538036,1,2,0,0
2463030312708,1,2,0,0
2463051532228,1,2,0,0
2463070871180,1,2,0,0
2463091527224,1,2,0,0
2463110311120,1,2,0,0
2463130365372,1,2,0,0
2463150412364,1,2,0,0
2463171616036,1,2,0,0
2463191548276,1,2,0,0
2463211307504,1,2,0,0
2463230508532,1,2,0,0
2463253239660,1,2,0,0
2463270574336,1,2,0,0
2463290377788,1,2,0,0
2463310494808,1,2,0,0
2463330371192,1,2,0,0
2463350912032,1,2,0,0
2463370892504,1,2,0,0
2463390530520,1,2,0,0
2463410303412,1,2,0,0
2463430344804,1,2,0,0
2463454906936,1,2,0,0
2463471717796,1,2,0,0
2463490383868,1,2,0,0
2463510419300,1,2,0,0
2463530342636,1,2,0,0
2463552241964,1,2,0,0
2463570731660,1,2,0,0
2463590637852,1,2,0,0
2463610367244,1,2,0,0
2463630326880,1,2,0,0
2463654963316,1,2,0,0
2463671526144,1,2,0,0
2463690614776,1,2,0,0
2463710294164,1,2,0,0
2463730382844,1,2,0,0
2463752828816,1,2,0,0
2463770705368,1,2,0,0
2463790575676,1,2,0,0
2463810503960,1,2,0,0
2463830343724,1,2,0,0
2463855102748,1,2,0,0
2463870442784,1,2,0,0
2463890562936,1,2,0,0
2463910395140,1,2,0,0
2463931346984,1,2,0,0
2463953684220,1,2,0,0
2463970583096,1,2,0,0
2463990502980,1,2,0,0
2464010353752,1,2,0,0
2464030311492,1,2,0,0
2464056703308,1,2,0,0
2464070539916,1,2,0,0
2464091468976,1,2,0,0
2464110290448,1,2,0,0
2464130350352,1,2,0,0
2464155371624,1,2,0,0
2464170575288,1,2,0,0
2464191728304,1,2,0,0
2464210706428,1,2,0,0
2464231439896,1,2,0,0
2464258256888,1,2,0,0
2464271450892,1,2,0,0
2464290553608,1,2,0,0
2464310354344,1,2,0,0
2464330314436,1,2,0,0
2464355823176,1,2,0,0
2464370435496,1,2,0,0
2464391156088,1,2,0,0
2464411410588,1,2,0,0
2464430390536,1,2,0,0
2464450911612,1,2,0,0
2464470502008,1,2,0,0
2464490452444,1,2,0,0
2464510565496,1,2,0,0
2464530500488,1,2,0,0
2464550374540,1,2,0,0
2464570527788,1,2,0,0
2464591404004,1,2,0,0
2464610351096,1,2,0,0
2464630458244,1,2,0,0
2464650392516,1,2,0,0
2464670439432,1,2,0,0
2464691578036,1,2,0,0
2464711305940,1,2,0,0
2464730383448,1,2,0,0
2464750669892,1,2,0,0
2464771976196,1,2,0,0
2464791033688,1,2,0,0
2464811402836,1,2,0,0
2464831422988,1,2,0,0
2464850362912,1,2,0,0
2464870457008,1,2,0,0
2464890460904,1,2,0,0
2464910446636,1,2,0,0
2464930393304,1,2,0,0
2464950334288,1,2,0,0
2464971630632,1,2,0,0
2464990474816,1,2,0,0
2465010319580,1,2,0,0
2465030306760,1,2,0,0
2465050564232,1,2,0,0
2465070574244,1,2,0,0
2465090525864,1,2,0,0
2465110333076,1,2,0,0
2465130378728,1,2,0,0
2465150354360,1,2,0,0
2465171160920,1,2,0,0
2465191549324,1,2,0,0
2465210294548,1,2,0,0
2465230389416,1,2,0,0
2465250430448,1,2,0,0
2465270669352,1,2,0,0
2465290477672,1,2,0,0
2465310392724,1,2,0,0
2465330450248,1,2,0,0
2465350461692,1,2,0,0
2465371591256,1,2,0,0
2465391082760,1,2,0,0
2465410914564,1,2,0,0
2465430316628,1,2,0,0
2465450669688,1,2,0,0
2465470360012,1,2,0,0
2465491585788,1,2,0,0
2465510459020,1,2,0,0
2465530379224,1,2,0,0
2465550422964,1,2,0,0
2465571310580,1,2,0,0
2465591553904,1,2,0,0
2465610438032,1,2,0,0
2465630366864,1,2,0,0
2465650393048,1,2,0,0
2465670842264,1,2,0,0
2465691424080,1,2,0,0
2465710499120,1,2,0,0
2465730411000,1,2,0,0
2465750347736,1,2,0,0
2465771989984,1,2,0,0
2465790391664,1,2,0,0
2465810409636,1,2,0,0
2465830388428,1,2,0,0
2465851337688,1,2,0,0
2465872761848,1,2,0,0
2465890368984,1,2,0,0
2465910372048,1,2,0,0
2465931345844,1,2,0,0
2465951352748,1,2,0,0
2465974777012,1,2,0,0
2465991780848,1,2,0,0
2466011345108,1,2,0,0
2466030361748,1,2,0,0
2466050340008,1,2,0,0
2466072286564,1,2,0,0
2466090543420,1,2,0,0
2466110385560,1,2,0,0
2466130369748,1,2,0,0
2466150390836,1,2,0,0
2466171441468,1,2,0,0
2466190448948,1,2,0,0
2466210340152,1,2,0,0
2466231431624,1,2,0,0
2466250382888,1,2,0,0
2466273762032,1,2,0,0
2466290516488,1,2,0,0
2466310357444,1,2,0,0
2466330341888,1,2,0,0
2466350745420,1,2,0,0
2466373762664,1,2,0,0
2466390579248,1,2,0,0
2466410345976,1,2,0,0
2466430602244,1,2,0,0
2466450390708,1,2,0,0
2466476023992,1,2,0,0
2466490438720,1,2,0,0
2466510347448,1,2,0,0
2466530361380,1,2,0,0
2466550614104,1,2,0,0
2466574748708,1,2,0,0
2466591419004,1,2,0,0
2466610545844,1,2,0,0
2466630295208,1,2,0,0
2466650383452,1,2,0,0
2466676307412,1,2,0,0
2466691573784,1,2,0,0
2466710456444,1,2,0,0
2466730408816,1,2,0,0
2466751344056,1,2,0,0
2466774980736,1,2,0,0
2466791458164,1,2,0,0
2466810849704,1,2,0,0
2466830345528,1,2,0,0
2466850426416,1,2,0,0
2466879297320,1,2,0,0
2466890497256,1,2,0,0
2466910433872,1,2,0,0
2466930403888,1,2,0,0
2466950467708,1,2,0,0
2466975924556,1,2,0,0
2466990518736,1,2,0,0
2467010414520,1,2,0,0
2467030407060,1,2,0,0
2467050327524,1,2,0,0
2467078999492,1,2,0,0
2467090448612,1,2,0,0
2467110453232,1,2,0,0
2467130350816,1,2,0,0
2467150699156,1,2,0,0
2467180385876,1,2,0,0
2467190555620,1,2,0,0
2467211385476,1,2,0,0
2467230383908,1,2,0,0
2467250367332,1,2,0,0
2467278591476,1,2,0,0
2467290478644,1,2,0,0
2467310391552,1,2,0,0
2467330438292,1,2,0,0
2467350361404,1,2,0,0
2467376413364,1,2,0,0
2467391438776,1,2,0,0
2467410440948,1,2,0,0
2467430315732,1,2,0,0
2467450370576,1,2,0,0
2467470659636,1,2,0,0
2467490529784,1,2,0,0
2467510443332,1,2,0,0
2467530344708,1,2,0,0
2467550321220,1,2,0,0
2467570997816,1,2,0,0
2467591395660,1,2,0,0
2467610365188,1,2,0,0
2467630501904,1,2,0,0
2467650430604,1,2,0,0
2467670492984,1,2,0,0
2467690621324,1,2,0,0
2467710417632,1,2,0,0
2467730365584,1,2,0,0
2467750426748,1,2,0,0
2467771797536,1,2,0,0
2467791682612,1,2,0,0
2467811370148,1,2,0,0
2467830390436,1,2,0,0
2467850319708,1,2,0,0
2467870603600,1,2,0,0
2467891601352,1,2,0,0
2467910376220,1,2,0,0
2467930400844,1,2,0,0
2467950494188,1,2,0,0
2467970698532,1,2,0,0
2467991509732,1,2,0,0
2468025053524,1,2,0,0
2468030151216,1,2,0,0
2468050304164,1,2,0,0
2468070496604,1,2,0,0
2468090497528,1,2,0,0
2468110352436,1,2,0,0
2468130350968,1,2,0,0
2468150355300,1,2,0,0
2468170803852,1,2,0,0
2468190390988,1,2,0,0
2468210439820,1,2,0,0
2468230340468,1,2,0,0
2468250394068,1,2,0,0
2468270564416,1,2,0,0
2468290533712,1,2,0,0
2468310394292,1,2,0,0
2468330545924,1,2,0,0
2468350394292,1,2,0,0
2468371743260,1,2,0,0
2468390479332,1,2,0,0
2468411339536,1,2,0,0
2468430539248,1,2,0,0
2468450388588,1,2,0,0
2468470554276,1,2,0,0
2468490550044,1,2,0,0
2468510271376,1,2,0,0
2468531364164,1,2,0,0
2468550370448,1,2,0,0
2468570613796,1,2,0,0
2468590438932,1,2,0,0
2468610364944,1,2,0,0
2468630396432,1,2,0,0
2468650409840,1,2,0,0
2468673143096,1,2,0,0
2468690787548,1,2,0,0
2468711386108,1,2,0,0
2468730842004,1,2,0,0
2468751365268,1,2,0,0
2468770545892,1,2,0,0
2468790623708,1,2,0,0
2468810430392,1,2,0,0
2468830403780,1,2,0,0
2468850373536,1,2,0,0
2468870401912,1,2,0,0
2468891485300,1,2,0,0
2468910424384,1,2,0,0
2468930394148,1,2,0,0
2468950368080,1,2,0,0
2468970467828,1,2,0,0
2468991008868,1,2,0,0
2469011340056,1,2,0,0
2469030422800,1,2,0,0
2469050794684,1,2,0,0
2469070525992,1,2,0,0
2469090358720,1,2,0,0
2469110337516,1,2,0,0
2469130343884,1,2,0,0
2469150528776,1,2,0,0
2469171583608,1,2,0,0
2469190868652,1,2,0,0
2469211339388,1,2,0,0
2469230380080,1,2,0,0
2469250339552,1,2,0,0
2469270570404,1,2,0,0
2469291803904,1,2,0,0
2469310444748,1,2,0,0
2469330343108,1,2,0,0
2469350692328,1,2,0,0
2469370589020,1,2,0,0
2469392242736,1,2,0,0
2469410320632,1,2,0,0
2469430388832,1,2,0,0
2469451389692,1,2,0,0
2469470284656,1,2,0,0
2469490465716,1,2,0,0
2469510400372,1,2,0,0
2469531390964,1,2,0,0
2469550355992,1,2,0,0
2469570392776,1,2,0,0
2469591676780,1,2,0,0
2469610373180,1,2,0,0
2469630361036,1,2,0,0
2469650544056,1,2,0,0
2469670618948,1,2,0,0
2469692173984,1,2,0,0
2469710310916,1,2,0,0
2469730432976,1,2,0,0
2469750410272,1,2,0,0
2469770487080,1,2,0,0
2469791109488,1,2,0,0
2469811365200,1,2,0,0
2469830445020,1,2,0,0
2469850456920,1,2,0,0
2469870497012,1,2,0,0
2469892967092,1,2,0,0
2469911927540,1,2,0,0
2469931411944,1,2,0,0
2469951428736,1,2,0,0
2469970558596,1,2,0,0
2469993117800,1,2,0,0
2470010763852,1,2,0,0
2470030431364,1,2,0,0
2470050352100,1,2,0,0
2470070444984,1,2,0,0
2470091169188,1,2,0,0
2470111340032,1,2,0,0
2470130387756,1,2,0,0
2470150387624,1,2,0,0
2470171578100,1,2,0,0
2470195377688,1,2,0,0
2470210646820,1,2,0,0
2470230463800,1,2,0,0
2470250396964,1,2,0,0
2470270567552,1,2,0,0
2470292405864,1,2,0,0
2470310618012,1,2,0,0
2470330396196,1,2,0,0
2470350343268,1,2,0,0
2470370718284,1,2,0,0
2470393942392,1,2,0,0
2470411376932,1,2,0,0
2470430501376,1,2,0,0
2470450741004,1,2,0,0
2470471499040,1,2,0,0
2470496399592,1,2,0,0
2470510297224,1,2,0,0
2470530399332,1,2,0,0
2470550661764,1,2,0,0
2470571189344,1,2,0,0
2470599355404,1,2,0,0
2470610391816,1,2,0,0
2470630354232,1,2,0,0
2470650358432,1,2,0,0
2470670774384,1,2,0,0
2470694740952,1,2,0,0
2470711350320,1,2,0,0
2470730482376,1,2,0,0
2470750518024,1,2,0,0
2470771441300,1,2,0,0
2470799828512,1,2,0,0
2470812089800,1,2,0,0
2470830427136,1,2,0,0
2470850444012,1,2,0,0
2470870455432,1,2,0,0
2470896508492,1,2,0,0
2470911379452,1,2,0,0
2470930361684,1,2,0,0
2470950461792,1,2,0,0
2470970707912,1,2,0,0
2471000569040,1,2,0,0
2471010579364,1,2,0,0
2471030420780,1,2,0,0
2471050533664,1,2,0,0
2471070438044,1,2,0,0
2471090788372,1,2,0,0
2471110429968,1,2,0,0
2471131388048,1,2,0,0
2471150452436,1,2,0,0
2471170522948,1,2,0,0
2471190415276,1,2,0,0
2471210492976,1,2,0,0
2471230423820,1,2,0,0
2471250475424,1,2,0,0
2471270654720,1,2,0,0
2471290418704,1,2,0,0
2471310383916,1,2,0,0
2471330380520,1,2,0,0
2471350501160,1,2,0,0
2471371650120,1,2,0,0
2471391480056,1,2,0,0
2471410397776,1,2,0,0
2471430389668,1,2,0,0
2471450414208,1,2,0,0
2471470479820,1,2,0,0
2471490428588,1,2,0,0
2471510495056,1,2,0,0
2471530362960,1,2,0,0
2471550450112,1,2,0,0
2471571713180,1,2,0,0
2471591589576,1,2,0,0
2471610389696,1,2,0,0
2471630356672,1,2,0,0
2471650542524,1,2,0,0
2471670293344,1,2,0,0
2471690449660,1,2,0,0
2471710644944,1,2,0,0
2471731388424,1,2,0,0
2471750334856,1,2,0,0
2471770358280,1,2,0,0
2471790533504,1,2,0,0
2471810539828,1,2,0,0
2471831460900,1,2,0,0
2471850506052,1,2,0,0
2471870442392,1,2,0,0
2471890539324,1,2,0,0
2471910359860,1,2,0,0
2471930391628,1,2,0,0
2471950402316,1,2,0,0
2471971616428,1,2,0,0
2471990730344,1,2,0,0
2472010358976,1,2,0,0
2472030395896,1,2,0,0
2472050308944,1,2,0,0
2472070705328,1,2,0,0
2472091290044,1,2,0,0
2472110534076,1,2,0,0
2472130383308,1,2,0,0
2472150431200,1,2,0,0
2472170624404,1,2,0,0
2472191520956,1,2,0,0
2472210671808,1,2,0,0
2472230354908,1,2,0,0
2472250370324,1,2,0,0
2472270486192,1,2,0,0
2472290368144,1,2,0,0
2472310461172,1,2,0,0
2472330367088,1,2,0,0
2472350424116,1,2,0,0
2472370740944,1,2,0,0
2472390503528,1,2,0,0
2472411285096,1,2,0,0
2472431383364,1,2,0,0
2472450365788,1,2,0,0
2472470409548,1,2,0,0
2472490536564,1,2,0,0
2472510435268,1,2,0,0
2472530631488,1,2,0,0
2472550389032,1,2,0,0
2472571485648,1,2,0,0
2472590534588,1,2,0,0
2472613013820,1,2,0,0
2472631375048,1,2,0,0
2472650465868,1,2,0,0
2472670463236,1,2,0,0
2472690569484,1,2,0,0
2472711136248,1,2,0,0
2472730398672,1,2,0,0
2472750304564,1,2,0,0
2472770613992,1,2,0,0
2472790523344,1,2,0,0
2472813448588,1,2,0,0
2472830393744,1,2,0,0
2472850350368,1,2,0,0
2472870522484,1,2,0,0
2472890563580,1,2,0,0
2472912386076,1,2,0,0
2472930382060,1,2,0,0
2472950420100,1,2,0,0
2472971155344,1,2,0,0
2472990434156,1,2,0,0
2473014940492,1,2,0,0
2473045684880,1,2,0,0
2473049772116,1,2,0,0
2473070601520,1,2,0,0
2473090467212,1,2,0,0
2473112495192,1,2,0,0
2473130408360,1,2,0,0
2473150545348,1,2,0,0
2473171692960,1,2,0,0
2473190602720,1,2,0,0
2473215321256,1,2,0,0
2473230418604,1,2,0,0
2473250613916,1,2,0,0
2473270788316,1,2,0,0
2473290496512,1,2,0,0
2473312816848,1,2,0,0
2473330419988,1,2,0,0
2473350350520,1,2,0,0
2473371588736,1,2,0,0
2473390351680,1,2,0,0
2473415072296,1,2,0,0
2473430397056,1,2,0,0
2473450390272,1,2,0,0
2473470541676,1,2,0,0
2473490579496,1,2,0,0
2473513932140,1,2,0,0
2473531397244,1,2,0,0
2473551364380,1,2,0,0
2473570642220,1,2,0,0
2473590948036,1,2,0,0
2473618754552,1,2,0,0
2473630355936,1,2,0,0
2473650665948,1,2,0,0
2473670645840,1,2,0,0
2473690479612,1,2,0,0
2473713922932,1,2,0,0
2473730387828,1,2,0,0
2473750347440,1,2,0,0
2473770801332,1,2,0,0
2473791809572,1,2,0,0
2473819024316,1,2,0,0
2473831389660,1,2,0,0
2473850687572,1,2,0,0
2473870544160,1,2,0,0
2473890429120,1,2,0,0
2473917950604,1,2,0,0
2473930342704,1,2,0,0
2473950346832,1,2,0,0
2473970307188,1,2,0,0
2473990408492,1,2,0,0
2474015063384,1,2,0,0
2474030363980,1,2,0,0
2474050326964,1,2,0,0
2474070758024,1,2,0,0
2474090462220,1,2,0,0
2474117320044,1,2,0,0
2474130407372,1,2,0,0
2474150651116,1,2,0,0
2474172242888,1,2,0,0
2474190400684,1,2,0,0
2474215448012,1,2,0,0
2474230433212,1,2,0,0
2474250423772,1,2,0,0
2474270492576,1,2,0,0
2474290455016,1,2,0,0
2474310517504,1,2,0,0
2474330317788,1,2,0,0
2474350364996,1,2,0,0
2474371677036,1,2,0,0
2474391528196,1,2,0,0
2474411509136,1,2,0,0
2474430373404,1,2,0,0
2474450374704,1,2,0,0
2474470461708,1,2,0,0
2474490406508,1,2,0,0
2474511327724,1,2,0,0
2474530433288,1,2,0,0
2474550434724,1,2,0,0
2474570581536,1,2,0,0
2474591357712,1,2,0,0
2474611418132,1,2,0,0
2474630334260,1,2,0,0
2474650538316,1,2,0,0
2474671390120,1,2,0,0
2474690541460,1,2,0,0
2474710445384,1,2,0,0
2474730350284,1,2,0,0
2474750344556,1,2,0,0
2474770536328,1,2,0,0
2474790441088,1,2,0,0
2474810390572,1,2,0,0
2474830364444,1,2,0,0
2474850369796,1,2,0,0
2474870307268,1,2,0,0
2474890604232,1,2,0,0
2474910417180,1,2,0,0
2474930516096,1,2,0,0
2474950354564,1,2,0,0
2474970416084,1,2,0,0
2474990630216,1,2,0,0
2475010320600,1,2,0,0
2475030393452,1,2,0,0
2475050318100,1,2,0,0
2475070442204,1,2,0,0
2475091428588,1,2,0,0
2475110411172,1,2,0,0
2475130368112,1,2,0,0
2475150397372,1,2,0,0
2475170567288,1,2,0,0
2475190690944,1,2,0,0
2475211322020,1,2,0,0
2475231395212,1,2,0,0
2475250427048,1,2,0,0
2475270645824,1,2,0,0
2475290582476,1,2,0,0
2475310360576,1,2,0,0
2475330389292,1,2,0,0
2475350617748,1,2,0,0
2475371573972,1,2,0,0
2475390375484,1,2,0,0
2475410442800,1,2,0,0
2475430330632,1,2,0,0
2475450352788,1,2,0,0
2475470457312,1,2,0,0
2475490529416,1,2,0,0
2475510388204,1,2,0,0
2475530321960,1,2,0,0
2475550341788,1,2,0,0
2475570543220,1,2,0,0
2475591596004,1,2,0,0
2475610394444,1,2,0,0
2475630342432,1,2,0,0
2475650351488,1,2,0,0
2475670402220,1,2,0,0
2475691403192,1,2,0,0
2475711522208,1,2,0,0
2475730388608,1,2,0,0
2475750507084,1,2,0,0
2475770355388,1,2,0,0
2475790532672,1,2,0,0
2475810353548,1,2,0,0
2475830411964,1,2,0,0
2475850574388,1,2,0,0
2475871517840,1,2,0,0
2475890486700,1,2,0,0
2475911373084,1,2,0,0
2475930452296,1,2,0,0
2475950364064,1,2,0,0
2475970355864,1,2,0,0
2475990544744,1,2,0,0
2476010749832,1,2,0,0
2476031364028,1,2,0,0
2476050421708,1,2,0,0
2476070479892,1,2,0,0
2476090802456,1,2,0,0
2476110518100,1,2,0,0
2476130383820,1,2,0,0
2476150367460,1,2,0,0
2476170534932,1,2,0,0
2476190818788,1,2,0,0
2476210396804,1,2,0,0
2476230335880,1,2,0,0
2476250586388,1,2,0,0
2476270501628,1,2,0,0
2476290547472,1,2,0,0
2476310608444,1,2,0,0
2476332355472,1,2,0,0
2476350540972,1,2,0,0
2476370658912,1,2,0,0
2476391551112,1,2,0,0
2476410437136,1,2,0,0
2476430395308,1,2,0,0
2476450353956,1,2,0,0
2476471697284,1,2,0,0
2476490468332,1,2,0,0
2476510336960,1,2,0,0
2476533257928,1,2,0,0
2476550350492,1,2,0,0
2476571613968,1,2,0,0
2476590458184,1,2,0,0
2476610437164,1,2,0,0
2476631749428,1,2,0,0
2476650371144,1,2,0,0
2476670531964,1,2,0,0
2476691336260,1,2,0,0
2476710326864,1,2,0,0
2476734381068,1,2,0,0
2476751432116,1,2,0,0
2476771399664,1,2,0,0
2476790342876,1,2,0,0
2476811520860,1,2,0,0
2476831902868,1,2,0,0
2476850325116,1,2,0,0
2476870414300,1,2,0,0
2476890658108,1,2,0,0
2476910382400,1,2,0,0
2476934412360,1,2,0,0
2476950344024,1,2,0,0
2476971598828,1,2,0,0
2476990319004,1,2,0,0
2477010456792,1,2,0,0
2477032791256,1,2,0,0
2477050339472,1,2,0,0
2477071640232,1,2,0,0
2477090399796,1,2,0,0
2477110397928,1,2,0,0
2477134732804,1,2,0,0
2477150370488,1,2,0,0
2477170544188,1,2,0,0
2477190516972,1,2,0,0
2477210384056,1,2,0,0
2477232708732,1,2,0,0
2477250427060,1,2,0,0
2477270498076,1,2,0,0
2477290417488,1,2,0,0
2477310421472,1,2,0,0
2477335063860,1,2,0,0
2477350448368,1,2,0,0
2477371040732,1,2,0,0
2477390493048,1,2,0,0
2477410382744,1,2,0,0
2477433745016,1,2,0,0
2477450415624,1,2,0,0
2477470480680,1,2,0,0
2477491445204,1,2,0,0
2477510291176,1,2,0,0
2477538299112,1,2,0,0
2477551087912,1,2,0,0
2477570632316,1,2,0,0
2477591821688,1,2,0,0
2477611355400,1,2,0,0
2477635121964,1,2,0,0
2477650330168,1,2,0,0
2477670389196,1,2,0,0
2477691300488,1,2,0,0
2477710370736,1,2,0,0
2477739244004,1,2,0,0
2477750335144,1,2,0,0
2477771532656,1,2,0,0
2477790497652,1,2,0,0
2477810339176,1,2,0,0
2477834845032,1,2,0,0
2477850447624,1,2,0,0
2477870493204,1,2,0,0
2477891439144,1,2,0,0
2477910391064,1,2,0,0
2477936881832,1,2,0,0
2477950312508,1,2,0,0
2477971578800,1,2,0,0
2477990651880,1,2,0,0
2478010361516,1,2,0,0
2478030426072,1,2,0,0
2478065942728,1,2,0,0
2478071212512,1,2,0,0
2478090514544,1,2,0,0
2478110443368,1,2,0,0
2478130346432,1,2,0,0
2478150419784,1,2,0,0
2478170558920,1,2,0,0
2478190517752,1,2,0,0
2478211369224,1,2,0,0
2478230343576,1,2,0,0
2478250401640,1,2,0,0
2478270493048,1,2,0,0
2478290617096,1,2,0,0
2478310384920,1,2,0,0
2478330384052,1,2,0,0
2478350409112,1,2,0,0
2478370397600,1,2,0,0
2478390399360,1,2,0,0
2478410784088,1,2,0,0
2478431340600,1,2,0,0
2478450428400,1,2,0,0
2478470426372,1,2,0,0
2478490616312,1,2,0,0
2478510343140,1,2,0,0
2478530364272,1,2,0,0
2478550347912,1,2,0,0
2478571494948,1,2,0,0
2478591537752,1,2,0,0
2478610328256,1,2,0,0
2478630443008,1,2,0,0
2478650342356,1,2,0,0
2478670446428,1,2,0,0
2478690451180,1,2,0,0
2478710471928,1,2,0,0
2478730306896,1,2,0,0
2478751389632,1,2,0,0
2478770695048,1,2,0,0
2478791458960,1,2,0,0
2478810449016,1,2,0,0
2478830352032,1,2,0,0
2478850413696,1,2,0,0
2478870582272,1,2,0,0
2478891329700,1,2,0,0
2478910360452,1,2,0,0
2478930336200,1,2,0,0
2478950325800,1,2,0,0
2478970596856,1,2,0,0
2478991612020,1,2,0,0
2479010504760,1,2,0,0
2479030383932,1,2,0,0
2479050403760,1,2,0,0
2479070611272,1,2,0,0
2479090582512,1,2,0,0
2479110407576,1,2,0,0
2479130383156,1,2,0,0
2479150389344,1,2,0,0
2479170466116,1,2,0,0
2479190593344,1,2,0,0
2479210378800,1,2,0,0
2479230437332,1,2,0,0
2479250391424,1,2,0,0
2479270431204,1,2,0,0
2479290608868,1,2,0,0
2479310487932,1,2,0,0
2479330390476,1,2,0,0
2479350345656,1,2,0,0
2479371169716,1,2,0,0
2479391541480,1,2,0,0
2479410471016,1,2,0,0
2479430343792,1,2,0,0
2479450480672,1,2,0,0
2479471529568,1,2,0,0
2479490977612,1,2,0,0
2479511544216,1,2,0,0
2479530385816,1,2,0,0
2479550367976,1,2,0,0
2479570545220,1,2,0,0
2479590553548,1,2,0,0
2479610371760,1,2,0,0
2479630375576,1,2,0,0
2479650405252,1,2,0,0
2479670589620,1,2,0,0
2479690505128,1,2,0,0
2479710373720,1,2,0,0
2479730376272,1,2,0,0
2479751136288,1,2,0,0
2479770722260,1,2,0,0
2479791511996,1,2,0,0
2479811478844,1,2,0,0
2479830447716,1,2,0,0
2479850370520,1,2,0,0
2479870517588,1,2,0,0
2479890479400,1,2,0,0
2479910378136,1,2,0,0
2479930395604,1,2,0,0
2479951399776,1,2,0,0
2479970629468,1,2,0,0
2479991535168,1,2,0,0
2480010356284,1,2,0,0
2480030379176,1,2,0,0
2480050415536,1,2,0,0
2480070552856,1,2,0,0
2480090903560,1,2,0,0
2480110487136,1,2,0,0
2480130399636,1,2,0,0
2480154331892,1,2,0,0
2480170861744,1,2,0,0
2480191521564,1,2,0,0
2480211338856,1,2,0,0
2480230345744,1,2,0,0
2480251430700,1,2,0,0
2480270579620,1,2,0,0
2480290509268,1,2,0,0
2480311381596,1,2,0,0
2480330392576,1,2,0,0
2480353121328,1,2,0,0
2480370769576,1,2,0,0
2480391550012,1,2,0,0
2480410428572,1,2,0,0
2480430397708,1,2,0,0
2480455349776,1,2,0,0
2480471153352,1,2,0,0
2480490480704,1,2,0,0
2480510364888,1,2,0,0
2480530315276,1,2,0,0
2480553972884,1,2,0,0
2480571420148,1,2,0,0
2480590563136,1,2,0,0
2480611406744,1,2,0,0
2480630353048,1,2,0,0
2480656957332,1,2,0,0
2480670423220,1,2,0,0
2480690611832,1,2,0,0
2480710372328,1,2,0,0
2480730407068,1,2,0,0
2480754846552,1,2,0,0
2480773600672,1,2,0,0
2480790815480,1,2,0,0
2480811382444,1,2,0,0
2480830377316,1,2,0,0
2480857805632,1,2,0,0
2480870541416,1,2,0,0
2480891489244,1,2,0,0
2480910418356,1,2,0,0
2480930332020,1,2,0,0
2480955505776,1,2,0,0
2480971562532,1,2,0,0
2480991514324,1,2,0,0
2481010512268,1,2,0,0
2481030372228,1,2,0,0
2481058649872,1,2,0,0
2481070555732,1,2,0,0
2481090588308,1,2,0,0
2481110336340,1,2,0,0
2481130356800,1,2,0,0
2481150474840,1,2,0,0
2481170658812,1,2,0,0
2481190518104,1,2,0,0
2481210334356,1,2,0,0
2481230301524,1,2,0,0
2481250438272,1,2,0,0
2481270576244,1,2,0,0
2481290581664,1,2,0,0
2481310357380,1,2,0,0
2481330376180,1,2,0,0
2481350339888,1,2,0,0
2481370973268,1,2,0,0
2481390602276,1,2,0,0
2481410533764,1,2,0,0
2481430402452,1,2,0,0
2481450415392,1,2,0,0
2481470571124,1,2,0,0
2481490545124,1,2,0,0
2481510328648,1,2,0,0
2481530353872,1,2,0,0
2481550483684,1,2,0,0
2481570608940,1,2,0,0
2481591566612,1,2,0,0
2481611354184,1,2,0,0
2481630307660,1,2,0,0
2481650384144,1,2,0,0
2481670563816,1,2,0,0
2481690526920,1,2,0,0
2481710938732,1,2,0,0
2481731306864,1,2,0,0
2481750390704,1,2,0,0
2481770583436,1,2,0,0
2481790646616,1,2,0,0
2481810349576,1,2,0,0
2481830394184,1,2,0,0
2481850411304,1,2,0,0
2481870606980,1,2,0,0
2481890579204,1,2,0,0
2481910353256,1,2,0,0
2481930360316,1,2,0,0
2481950408284,1,2,0,0
2481970845460,1,2,0,0
2481990625504,1,2,0,0
2482011308344,1,2,0,0
2482030391976,1,2,0,0
2482050437472,1,2,0,0
2482070564400,1,2,0,0
2482090546532,1,2,0,0
2482110389236,1,2,0,0
2482130456796,1,2,0,0
2482150432852,1,2,0,0
2482170755716,1,2,0,0
2482191136044,1,2,0,0
2482210444708,1,2,0,0
2482230395692,1,2,0,0
2482250398348,1,2,0,0
2482270553408,1,2,0,0
2482290569208,1,2,0,0
2482310304348,1,2,0,0
2482331356388,1,2,0,0
2482350392132,1,2,0,0
2482370532884,1,2,0,0
2482390446340,1,2,0,0
2482410365268,1,2,0,0
2482430383912,1,2,0,0
2482450363304,1,2,0,0
2482470368964,1,2,0,0
2482490663100,1,2,0,0
2482510422428,1,2,0,0
2482530334876,1,2,0,0
2482550391772,1,2,0,0
2482570641936,1,2,0,0
2482590588300,1,2,0,0
2482611356808,1,2,0,0
2482630361988,1,2,0,0
2482650407632,1,2,0,0
2482670719000,1,2,0,0
2482690601308,1,2,0,0
2482710343164,1,2,0,0
2482730320876,1,2,0,0
2482750403776,1,2,0,0
2482770870692,1,2,0,0
2482791611444,1,2,0,0
2482811364572,1,2,0,0
2482830353892,1,2,0,0
2482850426412,1,2,0,0
2482872865548,1,2,0,0
2482891573016,1,2,0,0
2482910314576,1,2,0,0
2482930438904,1,2,0,0
2482950345252,1,2,0,0
2482970927664,1,2,0,0
2482990658144,1,2,0,0
2483011382436,1,2,0,0
2483030480820,1,2,0,0
2483050391860,1,2,0,0
2483086358920,1,2,0,0
2483091476280,1,2,0,0
2483110283588,1,2,0,0
2483130374364,1,2,0,0
2483150375576,1,2,0,0
2483171919384,1,2,0,0
2483190478976,1,2,0,0
2483210319936,1,2,0,0
2483230331704,1,2,0,0
2483250431676,1,2,0,0
2483273151080,1,2,0,0
2483290468036,1,2,0,0
2483310413940,1,2,0,0
2483330399392,1,2,0,0
2483350366068,1,2,0,0
2483371179188,1,2,0,0
2483390804260,1,2,0,0
2483410334376,1,2,0,0
2483430377372,1,2,0,0
2483450317112,1,2,0,0
2483473670596,1,2,0,0
2483490521956,1,2,0,0
2483510372160,1,2,0,0
2483530371460,1,2,0,0
2483550397340,1,2,0,0
2483571974256,1,2,0,0
2483591526164,1,2,0,0
2483611290076,1,2,0,0
2483630374116,1,2,0,0
2483650314896,1,2,0,0
2483674942656,1,2,0,0
2483691519360,1,2,0,0
2483710336008,1,2,0,0
2483730370052,1,2,0,0
2483750339948,1,2,0,0
2483773273728,1,2,0,0
2483791353444,1,2,0,0
2483810297604,1,2,0,0
2483830395904,1,2,0,0
2483850404256,1,2,0,0
2483878581732,1,2,0,0
2483890455200,1,2,0,0
2483910302072,1,2,0,0
2483930360844,1,2,0,0
2483950390952,1,2,0,0
2483975802864,1,2,0,0
2483990608872,1,2,0,0
2484010328164,1,2,0,0
2484030295576,1,2,0,0
2484050372724,1,2,0,0
2484078996304,1,2,0,0
2484090515316,1,2,0,0
2484110390612,1,2,0,0
2484130382400,1,2,0,0
2484150375520,1,2,0,0
2484170501972,1,2,0,0
2484190597684,1,2,0,0
2484211332644,1,2,0,0
2484230345484,1,2,0,0
2484250345540,1,2,0,0
2484270466672,1,2,0,0
2484290507568,1,2,0,0
2484310358140,1,2,0,0
2484330361608,1,2,0,0
2484350317140,1,2,0,0
2484370706184,1,2,0,0
2484390530444,1,2,0,0
2484410342756,1,2,0,0
2484430332288,1,2,0,0
2484450330492,1,2,0,0
2484470544944,1,2,0,0
2484490506952,1,2,0,0
2484510288604,1,2,0,0
2484530366400,1,2,0,0
2484550318196,1,2,0,0
2484570620496,1,2,0,0
2484591486416,1,2,0,0
2484610355612,1,2,0,0
2484630367296,1,2,0,0
2484650416736,1,2,0,0
2484670476576,1,2,0,0
2484690646984,1,2,0,0
2484710372400,1,2,0,0
2484731400796,1,2,0,0
2484750369264,1,2,0,0
2484770494252,1,2,0,0
2484790668884,1,2,0,0
2484810396428,1,2,0,0
2484830371524,1,2,0,0
2484850358084,1,2,0,0
2484870403688,1,2,0,0
2484890453684,1,2,0,0
2484910355004,1,2,0,0
2484930344380,1,2,0,0
2484950438448,1,2,0,0
2484970583944,1,2,0,0
2484991544920,1,2,0,0
2485010361952,1,2,0,0
2485030319088,1,2,0,0
2485050596540,1,2,0,0
2485070594656,1,2,0,0
2485090485104,1,2,0,0
2485110370276,1,2,0,0
2485130394324,1,2,0,0
2485150334844,1,2,0,0
2485171592724,1,2,0,0
2485191556464,1,2,0,0
2485211381076,1,2,0,0
2485230307740,1,2,0,0
2485250388948,1,2,0,0
2485270554912,1,2,0,0
2485290558348,1,2,0,0
2485310380560,1,2,0,0
2485330331676,1,2,0,0
2485350419488,1,2,0,0
2485370623296,1,2,0,0
2485390450340,1,2,0,0
2485410406112,1,2,0,0
2485430364840,1,2,0,0
2485450452304,1,2,0,0
2485470389384,1,2,0,0
2485490497052,1,2,0,0
2485510345784,1,2,0,0
2485530364000,1,2,0,0
2485550649056,1,2,0,0
2485570472660,1,2,0,0
2485590591428,1,2,0,0
2485610367944,1,2,0,0
2485631436304,1,2,0,0
2485650394224,1,2,0,0
2485670557856,1,2,0,0
2485691614952,1,2,0,0
2485710362320,1,2,0,0
2485730340608,1,2,0,0
2485750393664,1,2,0,0
2485770544508,1,2,0,0
2485791626976,1,2,0,0
2485810329344,1,2,0,0
2485830352140,1,2,0,0
2485850485632,1,2,0,0
2485870598688,1,2,0,0
2485891530000,1,2,0,0
2485910288828,1,2,0,0
2485930372320,1,2,0,0
2485950348940,1,2,0,0
2485970532940,1,2,0,0
2485991528544,1,2,0,0
2486010387952,1,2,0,0
2486030387344,1,2,0,0
2486050319512,1,2,0,0
2486070427988,1,2,0,0
2486090730596,1,2,0,0
2486110343744,1,2,0,0
2486130378592,1,2,0,0
2486150350616,1,2,0,0
2486170455004,1,2,0,0
2486192201776,1,2,0,0
2486210447316,1,2,0,0
2486230341372,1,2,0,0
2486250407912,1,2,0,0
2486270445984,1,2,0,0
2486291417484,1,2,0,0
2486310360616,1,2,0,0
2486330366212,1,2,0,0
2486350328912,1,2,0,0
2486370744680,1,2,0,0
2486394366872,1,2,0,0
2486410404308,1,2,0,0
2486430329640,1,2,0,0
2486450326160,1,2,0,0
2486470532424,1,2,0,0
2486491464228,1,2,0,0
2486510374656,1,2,0,0
2486530366084,1,2,0,0
2486550349860,1,2,0,0
2486570742152,1,2,0,0
2486593964304,1,2,0,0
2486611352716,1,2,0,0
2486630364076,1,2,0,0
2486650377252,1,2,0,0
2486671480592,1,2,0,0
2486692178412,1,2,0,0
2486710304292,1,2,0,0
2486730393296,1,2,0,0
2486750354116,1,2,0,0
2486770485448,1,2,0,0
2486795899884,1,2,0,0
2486810417796,1,2,0,0
2486830384120,1,2,0,0
2486850386928,1,2,0,0
2486870499244,1,2,0,0
2486894216968,1,2,0,0
2486910375180,1,2,0,0
2486930347752,1,2,0,0
2486950339232,1,2,0,0
2486970839676,1,2,0,0
2486999154584,1,2,0,0
2487010290656,1,2,0,0
2487030300832,1,2,0,0
2487050345784,1,2,0,0
2487070560192,1,2,0,0
2487095412044,1,2,0,0
2487110366056,1,2,0,0
2487130334800,1,2,0,0
2487150345948,1,2,0,0
2487170610388,1,2,0,0
2487190542412,1,2,0,0
2487210384896,1,2,0,0
2487230277448,1,2,0,0
2487250468716,1,2,0,0
2487270453228,1,2,0,0
2487290417544,1,2,0,0
2487310351456,1,2,0,0
2487330364572,1,2,0,0
2487350389572,1,2,0,0
2487370969760,1,2,0,0
2487391567804,1,2,0,0
2487410344824,1,2,0,0
2487430383384,1,2,0,0
2487450388904,1,2,0,0
2487471557840,1,2,0,0
2487491493404,1,2,0,0
2487511211892,1,2,0,0
2487530525400,1,2,0,0
2487550340624,1,2,0,0
2487570560616,1,2,0,0
2487590459012,1,2,0,0
2487610277940,1,2,0,0
2487630379828,1,2,0,0
2487650440064,1,2,0,0
2487670529912,1,2,0,0
2487690456704,1,2,0,0
2487710313168,1,2,0,0
2487730355796,1,2,0,0
2487751363728,1,2,0,0
2487770878700,1,2,0,0
2487790671276,1,2,0,0
2487810515556,1,2,0,0
2487830408784,1,2,0,0
2487850378204,1,2,0,0
2487870539044,1,2,0,0
2487890468960,1,2,0,0
2487910436460,1,2,0,0
2487930389068,1,2,0,0
2487950349532,1,2,0,0
2487970344108,1,2,0,0
2487990576488,1,2,0,0
2488010427760,1,2,0,0
2488030415152,1,2,0,0
2488050375372,1,2,0,0
2488070397188,1,2,0,0
2488108849416,1,2,0,0
2488110445328,1,2,0,0
2488130348044,1,2,0,0
2488150439468,1,2,0,0
2488170457256,1,2,0,0
2488190757740,1,2,0,0
2488210404788,1,2,0,0
2488230354908,1,2,0,0
2488250407596,1,2,0,0
2488270465676,1,2,0,0
2488290589584,1,2,0,0
2488310403120,1,2,0,0
2488330383824,1,2,0,0
2488350451348,1,2,0,0
2488370542660,1,2,0,0
2488390902708,1,2,0,0
2488411402456,1,2,0,0
2488430351172,1,2,0,0
2488450403964,1,2,0,0
2488470584892,1,2,0,0
2488490547544,1,2,0,0
2488510395796,1,2,0,0
2488530364904,1,2,0,0
2488550287684,1,2,0,0
2488570861340,1,2,0,0
2488590425420,1,2,0,0
2488611215728,1,2,0,0
2488630372908,1,2,0,0
2488650430056,1,2,0,0
2488670462464,1,2,0,0
2488690539028,1,2,0,0
2488710439212,1,2,0,0
2488730377640,1,2,0,0
2488750475484,1,2,0,0
2488770468096,1,2,0,0
2488790780544,1,2,0,0
2488813674376,1,2,0,0
2488830344920,1,2,0,0
2488850385676,1,2,0,0
2488870503304,1,2,0,0
2488891469752,1,2,0,0
2488910747468,1,2,0,0
2488930387892,1,2,0,0
2488951379004,1,2,0,0
2488970799288,1,2,0,0
2488990446424,1,2,0,0
2489013172892,1,2,0,0
2489030395424,1,2,0,0
2489050401028,1,2,0,0
2489070402332,1,2,0,0
2489090509216,1,2,0,0
2489111842412,1,2,0,0
2489130389460,1,2,0,0
2489150400256,1,2,0,0
2489170567468,1,2,0,0
2489190607416,1,2,0,0
2489214109460,1,2,0,0
2489230492536,1,2,0,0
2489250333276,1,2,0,0
2489270743844,1,2,0,0
2489290542828,1,2,0,0
2489312628872,1,2,0,0
2489330402108,1,2,0,0
2489350383084,1,2,0,0
2489370613644,1,2,0,0
2489390522384,1,2,0,0
2489415109884,1,2,0,0
2489430514396,1,2,0,0
2489450409428,1,2,0,0
2489470605652,1,2,0,0
2489490454796,1,2,0,0
2489515006268,1,2,0,0
2489531340572,1,2,0,0
2489550390040,1,2,0,0
2489570410628,1,2,0,0
2489590505196,1,2,0,0
2489613529964,1,2,0,0
2489630306656,1,2,0,0
2489650354352,1,2,0,0
2489670409132,1,2,0,0
2489690527976,1,2,0,0
2489713665612,1,2,0,0
2489730385260,1,2,0,0
2489750329820,1,2,0,0
2489770736992,1,2,0,0
2489791491000,1,2,0,0
2489819033800,1,2,0,0
2489831364680,1,2,0,0
2489850371656,1,2,0,0
2489871552348,1,2,0,0
2489890689908,1,2,0,0
2489916783436,1,2,0,0
2489930357396,1,2,0,0
2489950361800,1,2,0,0
2489970836984,1,2,0,0
2489990493224,1,2,0,0
2490014896864,1,2,0,0
2490031322660,1,2,0,0
2490050415728,1,2,0,0
2490070463132,1,2,0,0
2490090413684,1,2,0,0
2490114693432,1,2,0,0
2490130313816,1,2,0,0
2490150344968,1,2,0,0
2490170440732,1,2,0,0
2490190500928,1,2,0,0
2490210424408,1,2,0,0
2490230366928,1,2,0,0
2490250335616,1,2,0,0
2490270472712,1,2,0,0
2490290472864,1,2,0,0
2490310356548,1,2,0,0
2490330377880,1,2,0,0
2490350367068,1,2,0,0
2490370541632,1,2,0,0
2490390478684,1,2,0,0
2490410319948,1,2,0,0
2490430372872,1,2,0,0
2490450432484,1,2,0,0
2490470576496,1,2,0,0
2490490440700,1,2,0,0
2490510497772,1,2,0,0
2490530488216,1,2,0,0
2490550448180,1,2,0,0
2490571009632,1,2,0,0
2490590461856,1,2,0,0
2490610383544,1,2,0,0
2490630338444,1,2,0,0
2490650433488,1,2,0,0
2490670522216,1,2,0,0
2490690453628,1,2,0,0
2490710341416,1,2,0,0
2490730469184,1,2,0,0
2490750352660,1,2,0,0
2490770490388,1,2,0,0
2490790589672,1,2,0,0
2490810400184,1,2,0,0
2490830355328,1,2,0,0
2490850455940,1,2,0,0
2490870431228,1,2,0,0
2490890478908,1,2,0,0
2490910377816,1,2,0,0
2490930376684,1,2,0,0
2490950362128,1,2,0,0
2490970699520,1,2,0,0
2490991504840,1,2,0,0
2491010385760,1,2,0,0
2491030407428,1,2,0,0
2491050447012,1,2,0,0
2491070613196,1,2,0,0
2491090473684,1,2,0,0
2491110287196,1,2,0,0
2491130370340,1,2,0,0
2491150661912,1,2,0,0
2491171726904,1,2,0,0
2491190742792,1,2,0,0
2491210339556,1,2,0,0
2491230320472,1,2,0,0
2491250412700,1,2,0,0
2491270704040,1,2,0,0
2491290502112,1,2,0,0
2491310306228,1,2,0,0
2491330338904,1,2,0,0
2491350371176,1,2,0,0
2491370499256,1,2,0,0
2491390504296,1,2,0,0
2491410372972,1,2,0,0
2491430393024,1,2,0,0
2491450397372,1,2,0,0
2491470432488,1,2,0,0
2491490466652,1,2,0,0
2491510335216,1,2,0,0
2491530410040,1,2,0,0
2491550305988,1,2,0,0
2491570579340,1,2,0,0
2491590610324,1,2,0,0
2491610335536,1,2,0,0
2491630349436,1,2,0,0
2491650349340,1,2,0,0
2491670527240,1,2,0,0
2491690483228,1,2,0,0
2491710399112,1,2,0,0
2491730351952,1,2,0,0
2491750352792,1,2,0,0
2491771832300,1,2,0,0
2491791408976,1,2,0,0
2491810336664,1,2,0,0
2491830412188,1,2,0,0
2491850349832,1,2,0,0
2491870438744,1,2,0,0
2491890414972,1,2,0,0
2491910491576,1,2,0,0
2491930453392,1,2,0,0
2491951356788,1,2,0,0
2491970405672,1,2,0,0
2491990791240,1,2,0,0
2492011360720,1,2,0,0
2492030384432,1,2,0,0
2492051375112,1,2,0,0
2492070381576,1,2,0,0
2492090507996,1,2,0,0
2492110461368,1,2,0,0
2492130599384,1,2,0,0
2492150369340,1,2,0,0
2492170450636,1,2,0,0
2492190518072,1,2,0,0
2492210447656,1,2,0,0
2492230310708,1,2,0,0
2492250397224,1,2,0,0
2492270585044,1,2,0,0
2492290617912,1,2,0,0
2492310303392,1,2,0,0
2492330429800,1,2,0,0
2492350420128,1,2,0,0
2492370572256,1,2,0,0
2492390424660,1,2,0,0
2492410378140,1,2,0,0
2492430341740,1,2,0,0
2492450321340,1,2,0,0
2492470420832,1,2,0,0
2492490438604,1,2,0,0
2492510373220,1,2,0,0
2492532429368,1,2,0,0
2492550374884,1,2,0,0
2492570472568,1,2,0,0
2492590510384,1,2,0,0
2492610346768,1,2,0,0
2492630368600,1,2,0,0
2492650422916,1,2,0,0
2492670513576,1,2,0,0
2492690537460,1,2,0,0
2492710348084,1,2,0,0
2492732232452,1,2,0,0
2492750419728,1,2,0,0
2492770521328,1,2,0,0
2492790603672,1,2,0,0
2492810370632,1,2,0,0
2492830881744,1,2,0,0
2492851316616,1,2,0,0
2492870569588,1,2,0,0
2492890590620,1,2,0,0
2492911340732,1,2,0,0
2492934256504,1,2,0,0
2492950427540,1,2,0,0
2492970699924,1,2,0,0
2492990435524,1,2,0,0
2493010513760,1,2,0,0
2493032723684,1,2,0,0
2493050351480,1,2,0,0
2493070366440,1,2,0,0
2493090570916,1,2,0,0
2493122584144,1,2,0,0
2493136147608,1,2,0,0
2493150361684,1,2,0,0
2493170443260,1,2,0,0
2493190999012,1,2,0,0
2493210346000,1,2,0,0
2493234636688,1,2,0,0
2493250397596,1,2,0,0
2493270458396,1,2,0,0
2493290471988,1,2,0,0
2493310349100,1,2,0,0
2493338061864,1,2,0,0
2493350367492,1,2,0,0
2493370534524,1,2,0,0
2493390559736,1,2,0,0
2493410383672,1,2,0,0
2493434828872,1,2,0,0
2493450446328,1,2,0,0
2493470529224,1,2,0,0
2493490910536,1,2,0,0
2493511531280,1,2,0,0
2493537402312,1,2,0,0
2493550653952,1,2,0,0
2493570658452,1,2,0,0
2493591435656,1,2,0,0
2493610439488,1,2,0,0
2493634740020,1,2,0,0
2493650403608,1,2,0,0
2493670963696,1,2,0,0
2493690558988,1,2,0,0
2493710388840,1,2,0,0
2493737891680,1,2,0,0
2493750348840,1,2,0,0
2493770487468,1,2,0,0
2493790516440,1,2,0,0
2493810441056,1,2,0,0
2493834689384,1,2,0,0
2493850324904,1,2,0,0
2493870594912,1,2,0,0
2493890420024,1,2,0,0
2493910373768,1,2,0,0
2493930553528,1,2,0,0
2493950374280,1,2,0,0
2493970754756,1,2,0,0
2493991026144,1,2,0,0
2494011376656,1,2,0,0
2494030433284,1,2,0,0
2494050515416,1,2,0,0
2494070606820,1,2,0,0
2494090754332,1,2,0,0
2494110357360,1,2,0,0
2494130325304,1,2,0,0
2494150357900,1,2,0,0
2494171580928,1,2,0,0
2494190581672,1,2,0,0
2494210366264,1,2,0,0
2494230327404,1,2,0,0
2494250552768,1,2,0,0
2494270568788,1,2,0,0
2494290413956,1,2,0,0
2494310356328,1,2,0,0
2494330371100,1,2,0,0
2494350421224,1,2,0,0
2494370316072,1,2,0,0
2494390549276,1,2,0,0
2494410477448,1,2,0,0
2494430369788,1,2,0,0
2494450369208,1,2,0,0
2494470496584,1,2,0,0
2494490422524,1,2,0,0
2494510410808,1,2,0,0
2494530484000,1,2,0,0
2494550359400,1,2,0,0
2494570739728,1,2,0,0
2494590499380,1,2,0,0
2494610302440,1,2,0,0
2494631042300,1,2,0,0
2494650381780,1,2,0,0
2494670504784,1,2,0,0
2494690643568,1,2,0,0
2494711333584,1,2,0,0
2494730432484,1,2,0,0
2494750364512,1,2,0,0
2494770616296,1,2,0,0
2494790547812,1,2,0,0
2494810424084,1,2,0,0
2494830347468,1,2,0,0
2494850315892,1,2,0,0
2494871466824,1,2,0,0
2494890449880,1,2,0,0
2494910285028,1,2,0,0
2494930399092,1,2,0,0
2494950415348,1,2,0,0
2494970429832,1,2,0,0
2494990682624,1,2,0,0
2495011371376,1,2,0,0
2495030371724,1,2,0,0
2495050493768,1,2,0,0
2495070442056,1,2,0,0
2495090426356,1,2,0,0
2495110325168,1,2,0,0
2495130347428,1,2,0,0
2495150413652,1,2,0,0
2495170697228,1,2,0,0
2495191524180,1,2,0,0
2495210351880,1,2,0,0
2495231061924,1,2,0,0
2495250424596,1,2,0,0
2495270541892,1,2,0,0
2495290560104,1,2,0,0
2495311358364,1,2,0,0
2495330385004,1,2,0,0
2495350418096,1,2,0,0
2495370569748,1,2,0,0
2495390446312,1,2,0,0
2495410488900,1,2,0,0
2495430363468,1,2,0,0
2495450383916,1,2,0,0
2495470573856,1,2,0,0
2495490480376,1,2,0,0
2495510360376,1,2,0,0
2495530385680,1,2,0,0
